fixed.acidity,volatile.acidity,citric.acid,residual.sugar,chlorides,free.sulfur.dioxide,total.sulfur.dioxide,density,pH,sulphates,alcohol,quality
8.36,0.8845,0.244,2.635,0.1225,11,24.9,0.99746,3.398,0.57,9.95,3
7.695238095,0.709642857,0.2090625,2.671428571,0.094595238,12.57142857,36.38095238,0.996565,3.384285714,0.603095238,10.18452381,4
8.123453608,0.587371134,0.270643275,2.418685567,0.094953608,16.92010309,56.74226804,0.996973144,3.298762887,0.627938144,9.869458763,5
8.311444142,0.489972752,0.320766871,2.428201635,0.083880109,15.65122616,40.02997275,0.99643921,3.318419619,0.669455041,10.71793824,6
8.764285714,0.406741071,0.390849057,2.738839286,0.078589286,13.48214286,36.61607143,0.9959275,3.291875,0.743839286,11.53764881,7
8.214285714,0.435,0.382142857,2.642857143,0.067428571,10.92857143,32.21428571,0.995052857,3.290714286,0.796428571,12.22857143,8
