fixed.acidity,volatile.acidity,citric.acid,residual.sugar,chlorides,free.sulfur.dioxide,total.sulfur.dioxide,density,pH,sulphates,alcohol,quality
1.77087549,0.331255608,0.270854029,1.401596312,0.066240723,9.763879011,16.8288773,0.002001845,0.14405246,0.122020035,0.818009101,3
1.399294662,0.213870809,0.207214388,1.872429713,0.084697758,9.308120916,28.0938778,0.001611674,0.169304789,0.26519655,0.832604501,4
1.501899376,0.179581545,0.171084676,1.151890963,0.060249849,10.51841294,37.54646482,0.001572814,0.149647356,0.190680479,0.726270759,5
1.836642767,0.165131176,0.185571121,1.295447697,0.041805323,9.865745916,25.1368207,0.001980953,0.151476191,0.143527867,1.03431334,6
1.922454191,0.13315254,0.169008977,1.484752987,0.035803154,8.822301944,39.83055225,0.002074872,0.150258224,0.137763641,1.003888201,7
2.199600363,0.150932996,0.200812908,1.465350725,0.012635203,7.054341661,25.7029737,0.002576788,0.201817293,0.113449897,1.311739052,8
